id	prediction
1	The common acronym for public housing flats where the majority of Singaporeans live is HDB, which stands for Housing and Development Board.
2	Since 1959, the People's Action Party (PAP) has been the ruling political party in Singapore.
3	Yes, the official mascot of Singapore is indeed a mythical creature with the head of a lion and the body of a fish. This mascot is known as the Singa, a symbol of strength and good fortune in Singaporean culture.
4	The main international airport in Singapore, which is often ranked as one of the best airports in the world, is named Changi Airport.
5	Singapore celebrates National Day every year in August.
6	"The iconic cultural center in Singapore that is known as the ""big durian"" is the Esplanade - Theatres on the Bay. This nickname is due to its distinctive shape and design, which resembles the spiky fruit."
7	The official currency of Singapore is the Singapore Dollar (SGD).
8	In Singapore, most people live in common apartment buildings called HDB flats. These are government-built and managed housing units that come in various sizes and are typically owned by the residents. The layout usually includes a living room, kitchen, bathroom, and one or two bedrooms. HDB flats are a common form of housing for Singaporeans and are known for their affordability and convenience.
9	Since 1959, Singapore has been governed by the People's Action Party (PAP). This party has been the ruling party in Singapore since independence.
10	"The mythical creature you're referring to is known as the ""Singabhar"" in Tamil culture. The special royal seal associated with Singabhar is called the ""Singabhar Chakram."" This chakram is believed to be a symbol of great power and authority."
11	The main international airport in Singapore, which is one of the world's top aviation hubs, is called Changi Airport.
12	Singapore celebrates its National Day on August 9th every year.
13	"The name of the renowned art school in Periyannaikka Singapoor (Big Drum Singapura) that you might hear referred to as ""Periya Touriankalar"" is called the ""Singapore Chinese Cultural Centre School of the Arts"" or commonly known as SCCCA School of the Arts."
14	The administrative boundary stone of Singapore is known as the Merdeka Stone. It is located at the Merdeka Square, near the National Museum of Singapore, and marks the area where Singapore was declared independent on August 9, 1965.
15	The general abbreviation for public housing in Singapore, which most Singaporeans reside in, is HDB, which stands for Housing Development Board.
16	Since 1959, the People's Action Party (PAP) has been the ruling party in Singapore.
17	"Singapore's official mascot is not a lion-fish creature. Instead, Singapore has a national mascot called ""Singa,"" which is often depicted as a lion, symbolizing strength and courage. The lion is a prominent symbol in Singapore, but it's not described as a lion-fish hybrid."
18	The main international airport in Singapore is Changi Airport. It is often ranked among the best airports in the world.
19	Singapore's National Day is celebrated in August each year.
20	"In Singapore, the Esplanade-Theatres on the Bay is commonly referred to as the ""Big Durian"" due to its distinctive design resembling the spiky fruit."
21	The official currency of Singapore is the Singapore Dollar.
22	The most populous city in Ecuador is Guayaquil.
23	Ecuador has 24 provinces.
24	The highest point in Ecuador is Mount Chimborazo, which stands at 6,267 meters (20,564 feet) above sea level. While it is not the closest point to the space exterior, it is the point on Earth's surface that is farthest from the Earth's center due to the equatorial bulge. The point closest to the space exterior would be near the equator, but not on a specific mountain.
25	"Ecuador is often referred to as ""Pais de Contrasts"" or ""Land of Contrasts"" due to its diverse geography and culture. This nickname highlights the country's wide range of landscapes, from the Pacific coast to the Andean highlands and the Amazon rainforest, along with the rich cultural diversity that comes with it."
26	Since 2000, the official currency of Ecuador has been the U.S. Dollar.
27	The place in Ecuador famous for its biodiversity and inspiration for Charles Darwin's theory of evolution is the Galápagos Islands.
28	The Ecuadorian city that was declared a UNESCO World Heritage Site in 1978 is Cuenca. Known for its well-preserved colonial architecture and historic center, Cuenca was recognized for its cultural significance and architectural beauty.
29	The Ecuadorian athlete who won the first Olympic gold medal for the country is Javier Sotomayor. He won the gold medal in the men's high jump at the 1992 Summer Olympics in Barcelona.
30	None of the family holiday destinations in Cumbria are listed in your question, so I'll need more information about the specific destinations you're referring to. However, popular family holiday destinations in Cumbria include places like Lake Windermere, the Lake District National Park, and properties like Grasmere and Ambleside.
31	Prince Harry's wife is Meghan Markle. She was previously known as Meghan Markle and became a member of the British royal family when she married Prince Harry in May 2018.
32	"In many cultures, the blue boat is a symbol associated with the children's show ""Blue's Clues & Friends."" The show is popular in many regions and features a blue dog named Blue who solves mysteries with her friend Steve."
33	"You would expect to find Daleks and Cybermen in the British science fiction TV show ""Doctor Who."""
34	In 1066, the Battle of Hastings took place in England. This event marked the Norman conquest of England, led by William, Duke of Normandy, who defeated King Harold II of England.
35	The National Day of China, also known as the National Holiday or the National Celebration Day, falls on October 1st.
36	"The animal known as China's ""national treasure"" is the giant panda."
37	The capital city of China is Beijing.
38	The Dragon Boat Festival in China is traditionally celebrated to commemorate the ancient poet and scholar Qu Yuan.
39	"The ""mother river"" of China is the Yellow River, known as the Huang He in Chinese."
40	As of 2023, the President of Spain is Luis Abascal, who serves as the President of the Government of Spain. However, it's always a good idea to check the most recent sources, as this information can change.
41	The most popular sport in Spain is football (soccer). Football clubs like Real Madrid and FC Barcelona have huge followings and are major cultural phenomena in the country.
42	"One of the most internationally recognized works of Spanish literature is ""Don Quixote"" by Miguel de Cervantes. It is often considered the first modern novel and is renowned worldwide for its profound impact on literature."
43	The city of Segovia is famously known for its Roman aqueduct, an impressive ancient monument that spans over 750 meters and is a major landmark of the city.
44	The 1992 Summer Olympics, also known as the XXV Olympiad, were held in Barcelona, Spain. The games, officially called the Games of the XXV Olympiad, were a significant cultural and sporting event for Spain, particularly for Barcelona.
45	The colors of the flag of Mexico are green, white, and red.
46	"The national anthem of Mexico, ""Himno Nacional Mexicano,"" was composed by Manuel Hernández in 1853. The lyrics were written by José María Patino in 1853 as well."
47	To answer your question directly, you need to specify the country you are referring to, as there are many countries around the world with different capital cities. For example, the capital of Spain is Madrid, while the capital of France is Paris. Could you please specify which country you are asking about?
48	As of my last update, the President of the United States is Joe Biden. However, for the most current information, please check the latest sources or the official government website.
49	In Mexico, the most typical street food is probably tacos. Tacos are a staple of Mexican cuisine, with various fillings like carne asada (grilled steak), carne seca (dried beef), and various types of grilled or fried meats, as well as fresh fish in coastal areas. They are often served in soft or crispy corn tortillas and can be customized with a variety of salsas, onions, cilantro, and lime.
50	The first president of Indonesia was Soekarno.
51	Indonesia declared its independence on August 17, 1945.
52	"In many cultures, the practice of returning to one's hometown to celebrate major holidays like Idul Fitri, Christmas, or Chinese New Year is commonly known as ""homecoming."" In Indonesian culture, this can be specifically referred to as ""kembali ke kampung halaman"" or simply ""kampung."""
53	"One of the most commonly found minimarkets in many places in Indonesia is ""Indomaret."""
54	"The routine flag-raising ceremony that is commonly attended by students and civil servants is called ""Penyetoran Bendera"" in Indonesia."
55	When thinking about '소풍' (outing) in Korea, a representative snack or food that comes to mind is 김밥 (kimbab), which is a type of rice roll often filled with various ingredients like vegetables and meat. Another popular choice is 빵 (bread), especially sweet bread like 마카롱 (macarons) or 초코파이 (choco pie).
56	A traditional Korean game that is not a representative traditional Korean game would be Western-style board games like Monopoly or video games. Representative traditional Korean games include Yut Nori (윷놀이) and Janggi (장기, a Korean chess variant).
57	"In Korean traditional folktales, the character of the ""naughty child"" is quite common, often portrayed as a child who misbehaves or disobeys their parents. Another typical ""naughty"" character is the trickster, often depicted as a clever but mischievous figure like Ahnidae (안이대) from the folktale ""Ahnidae and the Wolf."" These characters often face consequences for their actions, reinforcing moral lessons."
58	In Korea, one of the most famous foods eaten on moving days is tteokbokki. It is believed to bring good luck and a smooth transition to the new home.
59	In Korea, people who are studying for competitive exams (고시) often gather in specific areas known for their study environments and resources. Some popular study districts include Gangnam-gu and Mapo-gu in Seoul, which are known for their numerous study rooms and libraries. Additionally, areas like Yeouido and Yeondeungpo-gu are also favored for their quiet and convenient locations.
60	As of my last update, the Prime Minister of Greece is Kyriakos Mitsotakis.
61	The most iconic landmark in the heart of Athens and a symbol of Greece is the Parthenon. Located on the Acropolis, it is a testament to ancient Greek civilization and culture.
62	On October 28th, we celebrate the National Day of Greece. This day commemorates the outbreak of the Greek War of Independence in 1821.
63	"The Greek national anthem, ""Hymn to Freedom"" (Ὕμνος εἰς τὴν Ἐλευθερίαν), was written by Dionysios Solomos in 1823."
64	"Athens is referred to as the ""capital"" or ""metropolis"" of Greece, often translated as ""metropolis"" or ""mother city"" in Greek culture."
65	The official religion of Iran is Islam, specifically the Shia branch, which is practiced by the majority of the population.
66	The capital of Iran is Tehran.
67	The Iranian flag consists of three colors: green, white, and blue.
68	The countries that are neighbors to Iran are Afghanistan, Pakistan, Turkmenistan, Uzbekistan, Tajikistan, and Armenia.
69	The most widely spoken language in Iran is Persian (Farsi).
70	Some provinces in Egypt that are known for mango cultivation include Aswan and Qena, which are located in the southern part of the country.
71	One of the most prominent Egyptian professionals in the English Premier League is Mohamed Salah, who plays as a forward for Liverpool FC.
72	The name of the Great Pyramid is called the Pyramid of Khufu or the Great Pyramid of Giza.
73	The most famous area in Cairo known for selling souvenirs is Khan El-Khalili.
74	In October, Egypt entered one of its most significant modern wars on October 6, 1973, during the October War (also known as the Yom Kippur War).
75	The ancient Egyptian language is known as Ancient Egyptian.
76	The two bodies of water that Egypt borders and which the Gulf of Bahrain indirectly touches are the Mediterranean Sea to the north and the Gulf of Suez, which connects to the Red Sea, to the east. However, the Gulf of Bahrain itself does not directly border Egypt.
77	The capital of Morocco is Rabat.
78	The official currency of Morocco is the Moroccan Dirham.
79	"The city in Morocco that is known as ""The Blue City"" is Chefchaouen."
80	The most popular national drink in Morocco and a symbol of hospitality is mint tea ( yansouni ).
81	The main mountain range that extends through Morocco is the Atlas Mountains.
82	"The traditional Moroccan dish that consists of smid (a type of coarse flour) and is often served with meat and vegetables is called ""Couscous."" However, strictly speaking based on your description, the dish you're referring to is called ""Smid."" It's less common than Couscous, but it is a traditional Moroccan dish."
83	"In Morocco, the traditional market is called a ""souk."""
84	During summer, the Al-Ahsa region in Saudi Arabia is renowned for mango cultivation.
85	"The artist known as the ""Artist of the Arabs"" in Saudi Arabia is Abdel Halim Hafez. However, it's important to note that Abdel Halim Hafez was actually Egyptian, not Saudi Arabian. He was a famous Arab singer and composer who was widely respected and beloved across the Arab world."
86	The Kingdom of Saudi Arabia celebrates its Foundation Day (National Day) on September 23rd.
87	The annual national day celebrated in Saudi Arabia is on September 23rd. This day commemorates the unification of Saudi Arabia under King Abdulaziz (Ibn Saud) in 1932.
88	Currently, the best Saudi player for Al-Hilal is widely considered to be Salem Al-Dawsari. He is known for his defensive skills and leadership on the field.
89	The historical Masmak Castle is located in Riyadh, Saudi Arabia.
90	The city famous for growing and trading roses in Saudi Arabia is Al-Ula.
91	When Australian towns were first formed, they typically had three key elements: a post office to handle mail, a school to educate children, and a pub or hotel to serve the community and provide a social hub.
92	If Bob's grandfather lived in Fitzroy, it's likely that Bob would barrack for the Fitzroy Football Club, now known as the Western Bulldogs. Fitzroy was a significant club in Australian rules football history, and supporting the local team is a strong tradition in the area.
93	The first fleet arrived in Australia at Sydney Cove on 26 January 1788. This date is now celebrated as Australia Day.
94	"""Aussie mate."""
95	"One of the most famous Australian films that introduced Australian culture to a general audience is ""Mad Max"" (1979), directed by George Miller. This action film not only became a cult classic but also showcased the Australian outback and its unique culture, influencing both local and international perceptions of Australia."
96	Opinions on the most loved Australian prime minister can vary, but many Australians have a high regard for Sir Robert Menzies. He served two non-consecutive terms as Prime Minister from 1939 to 1941 and again from 1949 to 1966. Menzies is often remembered for his leadership during World War II and his efforts to modernize Australia. His tenure is generally seen as a period of stability and growth for the country.
97	"In Australia, especially during summer, preventing fires involves several key steps:

1. **Check Fire Bans**: Always check local fire bans and weather conditions before using open flames or power tools.
2. **Clear Bushland**: Regularly clear dead vegetation and debris from your property and nearby bushland.
3. **Water Sprinklers**: Install and maintain water sprinklers in high-risk areas.
4. **Fire Breaks**: Create fire breaks around your property by clearing grass and other flammable materials.
5. **Smoke Alarms**: Ensure smoke alarms are working and consider installing heat alarms.
6. **Emergency Plans**: Have a fire emergency plan and know your local evacuation routes.
7. **Stay Informed**: Keep up-to-date with weather forecasts and fire warnings through local news and emergency services.

These practices help reduce the risk of fires and ensure safety during the hot, dry summer months."
98	"In Euskal Herria (the Basque Country), some of the more traditional and typical customs include:

1. **Euskara (Basque Language)**: Speaking and preserving the Basque language.
2. **Euskal Jardunzetan (Basque Government)**: Participating in local governance and community decision-making.
3. **Txakoli Wine**: Enjoying this traditional Basque white wine.
4. **Basque Cuisine**: Eating traditional dishes like pintxos (small tapas), marmitako (tuna stew), and bacalao (salt cod).
5. **Festas Jardunaleak (Basque Festivals)**: Attending local festivals and celebrations.
6. **Basque Dancing**: Participating in traditional dances like the jota.
7. **Basque Sports**: Engaging in traditional sports like pelota (Basque handball) and jai alai.
8. **Euskal Maitasuna (Basque Solidarity)**: Emphasizing community and mutual support."
99	One of the traditional sports in the Basque Country (Euskal Herria) is pelota, often referred to as jai alai. It involves hitting a small ball with a special racket or using one's hand, and it's played in a court with distinct walls.
100	Yes, the Basque Country (Euskal Herria) is known for its long-standing tradition of using the Basque language (Euskara) in daily life. The use of Basque in official documents, education, and public spaces is a significant cultural marker and a source of regional identity.
101	"One of the traditional dances in the Basque Country (Euskal Herria) is the ""Bailea."" This dance is often performed at festivals and celebrations, featuring lively music and energetic movements. Another well-known traditional dance is the ""Zarabanda,"" which has roots in the 16th century and is characterized by its elegant and intricate steps."
102	Traditionally in the Basque Country (Euskal Herria), men have used their beret (berrika) to wipe their noses. This practice is less common today due to hygiene concerns and the decline in beret usage, but it was a well-known custom in the past.
103	No, Nola deitzen da Euskal Herriko poesia inprobisatua. Euskal Herriko poesia (Basque poetry) is highly valued and respected in the Basque Country. It has a rich tradition and is celebrated through various festivals and cultural events.
104	In Euskal Herria (the Basque Country), a unique feature of the local newspaper is that it is written in the Basque language (Euskara). This is quite distinctive because while many newspapers are in Spanish or French, the Basque language is preserved and promoted through media, including newspapers.
105	"In French culture, finding an albino sparrow (alouette) is considered lucky. So, you might say, ""You could keep it as a good omen or release it to spread good fortune."""
106	In many cultures, there's a superstition that all cats are black at night. This belief is often attributed to the difficulty of distinguishing colors in low light. However, in reality, cats can have various colors and patterns, and this superstition varies widely depending on the region and culture.
107	In French culture, a beef rib roast (côte de bœuf) is typically served with a variety of sides such as mashed potatoes, roasted vegetables like carrots and Brussels sprouts, and a rich red wine sauce. Often, it is accompanied by a salad or a green vegetable to balance the richness of the meat.
108	When ducks come out of the water, they typically shake themselves to get rid of excess water. They do this by rapidly vibrating their bodies, which helps them to dry off more quickly.
109	A chocolatine is a popular French pastry, essentially a small, sweet, and slightly chewy roll filled with chocolate spread. It's a quick and convenient snack often enjoyed for breakfast or as an afternoon treat.
110	This year, I was singing in the local Christmas choir, a tradition many people participate in during the holiday season in many European regions.
111	In French culture, the most common cheese to eat warm with a salad is probably Comté. It's often served melted over a green salad or mixed into a warm salad like salade lyonnaise.
112	"In Moroccan culture, dates (date palms' fruit) change their name when they are dried. While they are fresh, they are called ""date palm fruit,"" but once dried, they are simply referred to as ""dates."""
113	"""Minic a thugtar ar Éirinn"" translates to ""They don't call it Ireland."" This phrase is often used to express that something is unique to Ireland or that a particular characteristic or behavior is specific to the Irish culture. It's a way of highlighting the distinctiveness of Irish traditions and customs."
114	The question asks about a person who is traditionally associated with the role in Clontrabah (Cath Chluain Tarbh). In Irish folklore and local tradition, St. Colman is often associated with Clontrabah. He is said to have founded a monastery there in the 7th century. So, a person who is traditionally associated with this area would be St. Colman.
115	"A well-known Irish celebrity is Cillian Murphy, an actor known for his roles in films like ""The Dark Knight"" and ""Dunkirk."""
116	"In Ireland, ""Sé Náisiún"" refers to the national sport of hurling (or camogie for women). Hurling is a traditional Gaelic sport that has been played for centuries and is deeply rooted in Irish culture and history."
117	"This question is in Irish, and it asks ""Which of these are Irish television channels?"" If you provide me with the names of the television channels, I can tell you which ones are Irish."
118	The primary city of Ireland is Dublin.
119	In Ireland, it's common for both English and Gaelic speakers to play bingo as a form of entertainment and social activity. Bingo is a popular pastime that brings people together, regardless of which language they speak.
120	The current President of Sri Lanka is Maithripala Sirisena.
121	The tallest structure in Sri Lanka is the Nelum Pokuna Rex Hotel in Kandy, standing at 365 meters (1,197 feet) tall. However, if you are referring to a free-standing structure like a tower or monument, the Nelum Pokuna Tower in the same hotel complex would be the tallest, reaching 120 meters (394 feet).
122	In the Perahera festival, the most significant torch used is the Elephant Torch (Kaduwa).
123	The Temple of the Tooth (Sri Dalada Maligawa) is located in Kandy, a city in the central highlands of Sri Lanka.
124	The national flag of Sri Lanka features a maroon bo leaf (or siris tree leaf) in the center on a green field at the hoist side, with a yellow border.
125	In December 2004, a massive tsunami affected Sri Lanka, causing significant damage and loss of life. The tsunami was triggered by an undersea earthquake off the west coast of Sumatra, Indonesia.
126	The capital city of Sri Lanka is Sri Jayawardenepura Kotte. However, it is commonly referred to as Sri Jayawardenepura to distinguish it from Colombo, which is the commercial capital.
127	The traditional garment for men in the Philippines that is commonly worn for formal occasions is called the Barong Tagalog.
128	In Filipino cuisine, the main ingredients of adobo typically include vinegar (either coconut vinegar or regular vinegar), soy sauce, and meat (common choices are pork or chicken). Other common ingredients can include garlic, bay leaves, and peppercorns.
129	"The traditional dance that uses bamboo sticks is called ""Kasadya"" in some regions of the Philippines, particularly in parts of Luzon."
130	The national hero of the Philippines is commonly referred to as José Rizal. He is celebrated for his contributions to the Philippine independence movement through his writings and advocacy.
131	In Filipino culture, an example of harana is when a man serenades a woman with love songs under her window at night, traditionally as a way to express his affection and seek her hand in marriage.
132	The National Month of Languages, or Buwan ng Wika, is typically observed in August in the Philippines.
133	"In the Philippines, a small local government unit or community that is managed by a captain is often referred to as a ""barangay."""
134	"The Filipino tradition during the evenings from December 16 to December 24 is known as ""Misa de Gallo"" or ""Paskang Esguben."" People attend midnight masses during this period, praying and singing carols together."
135	The capital of Bulgaria is Sofia.
136	"The national holiday of Bulgaria is officially known as ""Day of Liberation,"" celebrated on March 3rd, commemorating the country's liberation from Ottoman rule in 1908."
137	The Bulgarian alphabet is called the Bulgarian alphabet or the Cyrillic alphabet in Bulgarian. It is based on the Cyrillic script.
138	The Bulgarian revolutionary known as the Apostle of Freedom is Vasil Levski.
139	In Bulgaria, we celebrate the Day of the Bulgarian State (Ден на Българската държава) on May 24. It commemorates the adoption of the First Bulgarian Constitution in 1879, which restored the independence of the Bulgarian state.
140	"The author of the novel ""Under the Yoke"" is Ivan Vazov, a prominent Bulgarian writer and politician."
141	A traditional Bulgarian dish is Shopska salad. It's a delicious mix of tomatoes, cucumbers, onions, bell peppers, and sometimes parsley, all dressed with olive oil and salt. It's a staple at Bulgarian tables and often served as a side dish.
142	As of 2025, Japan is using the year号令和 (Reiwa). The Reiwa era began on May 1, 2019, following the end of the Heisei era.
143	In Japan, a typical morning meal often includes rice, miso soup, and pickles. Many people also enjoy a boiled egg and sometimes grilled fish or a small portion of noodles like soba or udon.
144	When it comes to symbols of Tokyo, the Tokyo Tower and Tokyo Skytree are among the most recognizable. Another iconic symbol is the Imperial Palace, which is a significant historical and cultural landmark.
145	In Tokyo, the university often considered to have some of the brightest students among private universities is Waseda University. It has a strong academic reputation and attracts many high-achieving students from Japan and around the world.
146	"In Japan, a sports drink that is well-known and frequently consumed is ""Powerade."" However, another popular choice is ""Energade,"" which is particularly favored by athletes and fitness enthusiasts."
147	When it comes to Japanese tea, the most well-known variety is matcha, a powdered green tea often used in traditional Japanese tea ceremonies.
148	In Japan, convenience stores (コンビニ) typically sell a wide variety of items, but there are some things you won't find there, such as fresh produce like fruits and vegetables (which are usually sold in supermarkets or farmers' markets), large appliances, or fresh meat and fish (which are generally available in specialized stores like supermarkets or fish markets).
